id;title;descr;post-slug;functionality;description
0;Deep Refresh: Refresh ALL Excel Data in One Click;Refresh all Excel data in one click. Learn how to update formulas, pivots, and external data instantly with our tutorial and real-world case studies.;https://xlclick.com/tutorials/deep-refresh-excel-data/;Deep Refresh;One click updates everything in your spreadsheet at once — formulas recalculate, charts refresh, pivot tables rebuild, and external data reloads. Use it every time you import new data and want to make sure nothing is showing old or wrong values. No need to trigger each part manually.
1;Extract & Clean Email Lists in Excel;"Extract and clean email lists in Excel. Our tutorial shows how to pull emails from messy text and fix typos like ""gmial"" for perfect contact lists.";https://xlclick.com/tutorials/clean-emails-excel/;Emails;"Paste a messy list of contacts and this tool pulls out only the email addresses into a clean list. It also fixes common typos automatically — like ""gmial.com"" becoming ""gmail.com"". Great for cleaning up your contact list before sending a newsletter or importing into your email platform."
2;Remove Text from Numbers in Excel Fast;Quickly remove text from numbers in Excel. Clean imported data and isolate numeric values for calculations with this step-by-step tutorial and case study.;https://xlclick.com/tutorials/remove-text-numbers-excel/;Numbers;"Got cells with text and numbers mixed together — like ""Price: $29.99"" or ""150 units""? This tool strips everything away and leaves only the number. Perfect for cleaning data copied from websites or exported from other software that mixes labels with values."
3;Extract Links & Domains from Excel Text;Extract links and domains from Excel text. Learn how to pull URLs into clean columns with our tutorial. Includes case studies for SEO and data audits.;https://xlclick.com/tutorials/extract-links-excel/;Links;Finds all website URLs hiding inside your text cells and pulls them into a clean separate column. You can extract just the domain name or the full web address. Useful when you have notes or descriptions with links buried in the text and need them organized.
4;Extract Specific Text Patterns in Excel;Extract specific text patterns in Excel easily. Use our tutorial and case studies to pull IDs, codes, or strings based on custom patterns in seconds.;https://xlclick.com/tutorials/extract-text-patterns-excel/;Pattern Matcher;Pulls a specific piece of text from your cells based on a pattern you define — for example, everything between two symbols, the first few characters, or text after a specific word. Great for cleaning up product codes, invoice numbers, or any data that follows a consistent format.
5;Data Anonymizer: How to Anonymize Sensitive Data in Excel;How to anonymize sensitive data in Excel for GDPR. Tutorial on replacing names and emails with realistic fake data. Essential for safe file sharing.;https://xlclick.com/tutorials/anonymize-data-excel/;Data Anonymizer;Hides real names and emails before you share a file with someone outside your company. Replaces them with random but realistic-looking fake data. Keeps you compliant with privacy laws like GDPR without extra effort — essential before sharing files with freelancers or agencies.
6;Format Case: Change Text Case in Excel Automatically;Change text case in Excel automatically. Tutorial for ALL CAPS, lowercase, or Proper Case. Make your product lists and titles consistent in one click.;https://xlclick.com/tutorials/change-text-case-excel/;Format Case;"Changes the capitalization of your text in one click — ALL CAPS, lowercase, Proper Case, or a web-friendly format like ""my-product-name"". Great for making product names, client names, or titles consistent across a long list without editing each cell manually."
7;Bulk Remove Text and Spaces in Excel;Bulk remove unwanted text and spaces in Excel. Learn how to strip prefixes and invisible characters with our practical tutorial and case studies.;https://xlclick.com/tutorials/remove-text-spaces-excel/;Remove Text and Spaces;"Removes unwanted text from your cells in bulk — like a prefix ""ID:"" in front of every code, or extra invisible spaces that sneak in when copying from websites. You can strip the first few characters, the last few, or anything matching a pattern you define."
8;Delete All Empty Rows & Columns Fast in Excel;Delete all empty rows and columns in Excel fast. Tutorial to fix infinite scroll and clean up messy sheets. Includes case studies on file optimization.;https://xlclick.com/tutorials/delete-empty-rows-columns-excel/;Delete Empty Rows/Cols;Removes all blank rows and columns from your sheet in one click. Cleans up the mess left from deleted data and fixes the annoying infinite scroll issue where the spreadsheet seems to go on forever even when your real data ends much earlier.
9;Clear Comments: Remove All Excel Comments Instantly;Remove all Excel comments and notes instantly. Tutorial on how to clean your file before sharing with clients. Professional case studies included.;https://xlclick.com/tutorials/remove-comments-excel/;Clear Comments;Removes all comments and sticky notes from your entire file — every sheet, all at once. Use it before sending a file to a client so they do not see your internal notes, draft comments, or any discussion that was not meant for them.
10;Data Fixer: Fix Common Excel Data Errors in Bulk;Fix common Excel data errors in bulk. Learn how to convert numbers stored as text and repair broken links with our tutorial and real-world examples.;https://xlclick.com/tutorials/fix-data-errors-excel/;Data Fixer;Fixes the most common spreadsheet problems in bulk: numbers stored as text that will not calculate, plain URLs that are not clickable, and formulas you want to turn into fixed values. Also removes leftover colors and styles from imported data.
11;Deduplicate: Find & Remove Duplicates in Excel;Find and remove duplicates in Excel. Practical tutorial and case studies on cleaning mailing lists and datasets to ensure unique entries every time.;https://xlclick.com/tutorials/remove-duplicates-excel/;Deduplicate;Finds and removes duplicate entries from your list. If the same email or name appears multiple times, you keep one and delete the rest. You can also highlight duplicates first to review them, or copy only the unique values to a new sheet.
12;Text to Columns: Split One Excel Column into Many;Split one Excel column into many using delimiters. Step-by-step tutorial and case studies for organizing CSV data and messy text strings efficiently.;https://xlclick.com/tutorials/split-columns-excel/;Text to Columns;Split cells into columns using commas, semicolons, or custom delimiters. It allows users to select a range and a delimiter to instantly split text into multiple columns to the right.
13;Split Cell Contents into Multiple Rows in Excel;Split cell contents into multiple rows in Excel. Our most popular tutorial! Learn how to transform delimited text into clean, organized rows with ease.;https://xlclick.com/tutorials/split-cells-rows-excel/;Split to Rows;Our most loved feature: converts a single cell with multiple values into separate rows. This tool splits delimited text into new rows while duplicating adjacent data. It processes your selected column and outputs the reorganized results onto a new sheet.
14;Combine Columns: Merge Multiple Excel Columns into One;Merge multiple Excel columns into one. Tutorial on joining names, addresses, and data with custom separators. See our case studies for better reporting.;https://xlclick.com/tutorials/merge-columns-excel/;Combine Columns;Merges text from multiple columns into one. Join First Name and Last Name into Full Name, or combine City and Country into one address field. You choose what goes between them — a space, a comma, a dash, or nothing at all.
15;Combine Rows: Merge Multiple Excel Rows into One Cell;Merge multiple Excel rows into a single cell. Tutorial on how to collapse tags and values using separators. Includes real-world data summary case studies.;https://xlclick.com/tutorials/merge-rows-cell-excel/;Combine Rows;Merges multiple rows into one cell. If you have tags, options, or values spread across several rows for the same item, this collapses them into a single cell with a separator of your choice. Handy for summarizing lists or preparing data for export.
16;Combine sheets: Merge Multiple Excel Files & Sheets;Merge multiple Excel files and sheets into one. Tutorial on consolidating monthly reports and team data. Practical case studies for data management.;https://xlclick.com/tutorials/merge-files-sheets-excel/;Combine sheets;Merges multiple sheets or files into one. Import several Excel files as separate tabs, or stack all your sheets into one big sheet. Perfect for combining monthly reports or data files received from different team members into a single place.
17;Transpose Table: Swap Excel Rows and Columns Instantly;Swap Excel rows and columns instantly. Learn how to transpose tables for better analysis with our tutorial and case studies. Keep your original data safe.;https://xlclick.com/tutorials/transpose-data-excel/;Transpose Table;Flips your table so rows become columns and columns become rows. If your months are across the top and products go down the side, this swaps them. The result goes to a new sheet so your original stays safe and untouched.
18;Reverse Horizontal: Reverse Excel Column Order;Reverse Excel column order from left to right. Tutorial on flipping data for specific reports or charts. Includes case studies and step-by-step guide.;https://xlclick.com/tutorials/reverse-columns-excel/;Reverse Horizontal;Flips the column order from left to right — what was on the left is now on the right and vice versa. The result goes to a new sheet. Useful when your data is in the wrong direction for a specific report, chart, or tool you need to use it in.
19;Reverse Vertical: Reverse Excel Row Order;Reverse Excel row order instantly. Tutorial on flipping lists from bottom to top—perfect for sorting by date or inverting datasets without manual effort.;https://xlclick.com/tutorials/reverse-rows-excel/;Reverse Vertical;Flips the row order from top to bottom — the last row becomes the first. Useful when your data is sorted oldest to newest and you need newest first, or any time you need to invert a list quickly without manually resorting it.
20;Insert Empty Rows at Regular Intervals in Excel;Insert empty rows at regular intervals in Excel. Tutorial for creating visual separation in reports and templates. Practical case studies for printing.;https://xlclick.com/tutorials/insert-blank-rows-excel/;Insert Blank Rows;Adds empty rows between your data at regular intervals. For example, insert one blank row after every row, or every five rows. Useful for printing, creating visual separation between groups, or preparing a template with space for manual entries between rows.
21;Sample Data Generator: Generate Realistic Fake Data in Excel;Create realistic fake data in Excel for testing. Tutorial on generating names, emails, and phone numbers. Ideal for demos and GDPR-safe prototyping.;https://xlclick.com/tutorials/generate-sample-data-excel/;Sample Data Generator;Creates realistic fake data for testing — names, email addresses, phone numbers. Choose how many rows you need and whether to sort randomly or alphabetically. Perfect when you need to demo a spreadsheet or test an import without using real customer data.
22;Fill Blanks: Fill Empty Excel Cells Automatically;Fill empty Excel cells automatically. Tutorial on copying values from above or using fixed data. Case studies on preparing data for pivot tables.;https://xlclick.com/tutorials/fill-blank-cells-excel/;Fill Blanks;Fills empty cells automatically. You can fill every blank with a fixed value, or copy the value from the cell above, below, left, or right. Saves time when a category or label only appears once in a column but needs to be repeated on every row for filtering or pivot tables to work.
23;Compare Lists: Compare Two Excel Lists for Differences;Compare two Excel lists for differences. Tutorial on finding common values or gaps between datasets. Includes case studies for invoicing and audits.;https://xlclick.com/tutorials/compare-lists-excel/;Compare Lists;Compares two lists and tells you exactly what they have in common, what is only in the first list, and what is only in the second. Results go to a new clean sheet. Ideal for checking if your client list matches your invoicing list, or finding gaps between any two datasets.
24;Data Matcher: Connect Two Sheets Without VLOOKUP in Excel;Connect two Excel sheets without VLOOKUP. Tutorial on building automatic lookups in 3 clicks. Case studies for users who want to avoid complex formulas.;https://xlclick.com/tutorials/lookup-without-vlookup-excel/;Data Matcher;Connects data from two different sheets without writing any formula. You pick the value to look up, where to find the match, and what data to bring back — and it builds the lookup formula automatically. No VLOOKUP knowledge needed, works in three clicks.
25;Power Search: The Ultimate Find & Replace for Excel;The ultimate find and replace for Excel. Tutorial on searching across all sheets and using patterns. More powerful than standard search with case studies.;https://xlclick.com/tutorials/advanced-search-replace-excel/;Power Search;A smarter find and replace. Search across all your sheets at once, highlight matches in color before replacing, use exact case matching, or search by pattern. Much more powerful than the built-in Excel search, and lets you review every match before making any changes.
26;Focus Mode: Never Lose Your Place in Excel Again;Never lose your place in Excel again. Tutorial on Focus Mode to automatically highlight active rows and columns. Perfect for large, complex tables.;https://xlclick.com/tutorials/focus-mode-excel/;Focus Mode;Highlights the row and column of the cell you are currently in, so you never lose your place in a large spreadsheet. The highlight follows your selection automatically. Simple but incredibly useful when working with wide or long tables where it is easy to read the wrong row.
27;Table Styler: Make Professional Excel Tables in One Click;Create professional Excel tables in one click. Tutorial on auto-styling, freezing headers, and alternating colors. Case studies for beautiful reporting.;https://xlclick.com/tutorials/table-styler-excel/;Table Styler;Makes your table look professional in one click. It freezes the header row so it stays visible when you scroll, adds alternating row colors for readability, styles the header, and auto-adjusts column widths to fit the content. No manual formatting needed at all.
28;Color Analysis: Sum & Count Cells by Color in Excel;Sum and count cells by color in Excel. Tutorial on how to analyze color-coded tasks and data. See our case studies for advanced project management.;https://xlclick.com/tutorials/count-sum-color-excel/;Color Analysis;Counts and sums cells based on their background color. If you color-code your tasks or data — red for urgent, green for done — this tool tells you how many cells of each color you have and what their total value is. There is no built-in Excel formula that can do this.
29;File Downloader: Download Hundreds of Files from Excel URLs;Download hundreds of files from Excel URLs automatically. Tutorial and case studies for saving images and PDFs directly to your computer in seconds.;https://xlclick.com/tutorials/download-files-url-excel/;File Downloader;Downloads files from a list of URLs directly to your computer. Give it a column of image or PDF links and it saves everything to a folder. You can also tell it what to rename each file based on another column in your spreadsheet. Handles hundreds of files automatically.
30;Bulk File Renamer: Rename Folders of Files Using Excel;Rename folders and files using Excel data. Tutorial on automating file management with your spreadsheet. Practical case studies for organizing data.;https://xlclick.com/tutorials/bulk-rename-files-excel/;Bulk File Renamer;Renames files on your computer using values from your spreadsheet. Point it to a folder, tell it which column has the current file names and which has the new names, and it renames everything in seconds. Eliminates one of the most tedious manual tasks in file management.
31;List Files: Create an Excel List of All Folder Files;Create an Excel list of all folder files automatically. Tutorial on scanning subfolders for names, sizes, and dates. Perfect for file audits and inventories.;https://xlclick.com/tutorials/list-folder-files-excel/;List Files;Creates an Excel list of all files inside a folder on your computer — including file names, sizes, dates modified, and full paths. Can scan subfolders too. Great for file inventories, project handovers, audits, or documenting what exists in a folder to share with a client or team.
32;Mass Sheet Exporter: Export Every Excel Sheet as a New File;Export every Excel sheet as a new file automatically. Tutorial on saving multiple tabs into individual files. See case studies for monthly reporting.;https://xlclick.com/tutorials/export-sheets-files-excel/;Mass Sheet Exporter;Saves every sheet in your workbook as its own separate Excel file in a folder you choose. If you have 12 sheets — one per client or one per month — it exports all 12 individual files automatically. Eliminates the repetitive task of opening, saving, and closing each sheet one by one.
33;Split Sheet to Files: Split One Big Excel File into Many;Split one big Excel file into many smaller ones. Tutorial on breaking large datasets into chunks with headers. Ideal for systems with row limits.;https://xlclick.com/tutorials/split-large-file-excel/;Split Sheet to Files;Breaks a huge sheet into smaller files. If you have 50000 rows and need to split into chunks of 10000 rows each, this does it automatically and adds the header row to every output file. Useful when a system has a row limit or a file is simply too large to upload or share.
